{"cameraMode":{"drawMode":0,"name":"Shaded","section":"Shading Mode"},"sceneLighting":true,"audioPlay":false,"sceneViewState":{"m_AlwaysRefresh":false,"showFog":true,"showSkybox":true,"showFlares":true,"showImageEffects":true,"showParticleSystems":true,"showVisualEffectGraphs":true,"m_FxEnabled":true},"in2DMode":false,"pivot":{"x":-2.1544833183288576,"y":8.109052658081055,"z":-3.489776611328125},"rotation":{"x":0.24208585917949677,"y":0.18842890858650208,"z":-0.04776325076818466,"w":0.9506521224975586},"size":0.8660253882408142,"orthographic":false}