{"cameraMode":{"drawMode":0,"name":"Shaded","section":"Shading Mode"},"sceneLighting":true,"audioPlay":false,"sceneViewState":{"m_AlwaysRefresh":false,"showFog":true,"showSkybox":true,"showFlares":true,"showImageEffects":true,"showParticleSystems":true,"showVisualEffectGraphs":true,"m_FxEnabled":true},"in2DMode":false,"pivot":{"x":-1.4248509407043458,"y":4.033905982971191,"z":6.420295715332031},"rotation":{"x":0.22297528386116029,"y":-0.0607420839369297,"z":0.014010990969836712,"w":0.9728536009788513},"size":10.055770874023438,"orthographic":false}